merchant_id,merchant_category,merchant_risk_level
1,Electronics,Medium
2,Gambling,High
3,Crypto,High
4,Gambling,High
5,Food,Low
6,Food,Low
7,Crypto,High
8,Gambling,High
9,Electronics,Medium
10,Travel,Medium
11,Retail,Low
12,Food,Low
13,Travel,Medium
14,Gambling,High
15,Crypto,High
16,Food,Low
17,Food,Low
18,Electronics,Medium
19,Retail,Low
20,Retail,Low
21,Electronics,Medium
22,Gambling,High
23,Retail,Low
24,Electronics,Medium
25,Gambling,High
26,Electronics,Medium
27,Retail,Low
28,Travel,Medium
29,Retail,Low
30,Retail,Low
31,Travel,Medium
32,Gambling,High
33,Food,Low
34,Food,Low
35,Electronics,Medium
36,Gambling,High
37,Gambling,High
38,Electronics,Medium
39,Gambling,High
40,Food,Low
41,Crypto,High
42,Food,Low
43,Retail,Low
44,Crypto,High
45,Electronics,Medium
46,Food,Low
47,Travel,Medium
48,Travel,Medium
49,Electronics,Medium
50,Food,Low
51,Food,Low
52,Electronics,Medium
53,Gambling,High
54,Retail,Low
55,Crypto,High
56,Electronics,Medium
57,Travel,Medium
58,Retail,Low
59,Retail,Low
60,Gambling,High
61,Travel,Medium
62,Retail,Low
63,Travel,Medium
64,Crypto,High
65,Travel,Medium
66,Retail,Low
67,Food,Low
68,Travel,Medium
69,Travel,Medium
70,Food,Low
71,Travel,Medium
72,Retail,Low
73,Crypto,High
74,Travel,Medium
75,Crypto,High
76,Retail,Low
77,Electronics,Medium
78,Travel,Medium
79,Crypto,High
80,Travel,Medium
81,Gambling,High
82,Gambling,High
83,Retail,Low
84,Food,Low
85,Crypto,High
86,Crypto,High
87,Food,Low
88,Food,Low
89,Travel,Medium
90,Gambling,High
91,Travel,Medium
92,Travel,Medium
93,Food,Low
94,Retail,Low
95,Electronics,Medium
96,Retail,Low
97,Retail,Low
98,Retail,Low
99,Travel,Medium
100,Travel,Medium
101,Travel,Medium
102,Travel,Medium
103,Food,Low
104,Gambling,High
105,Crypto,High
106,Gambling,High
107,Crypto,High
108,Travel,Medium
109,Gambling,High
110,Crypto,High
111,Electronics,Medium
112,Retail,Low
113,Crypto,High
114,Food,Low
115,Gambling,High
116,Gambling,High
117,Electronics,Medium
118,Crypto,High
119,Retail,Low
120,Gambling,High
121,Travel,Medium
122,Food,Low
123,Travel,Medium
124,Crypto,High
125,Food,Low
126,Electronics,Medium
127,Retail,Low
128,Crypto,High
129,Crypto,High
130,Food,Low
131,Retail,Low
132,Gambling,High
133,Travel,Medium
134,Gambling,High
135,Electronics,Medium
136,Retail,Low
137,Gambling,High
138,Crypto,High
139,Crypto,High
140,Electronics,Medium
141,Electronics,Medium
142,Retail,Low
143,Gambling,High
144,Crypto,High
145,Retail,Low
146,Retail,Low
147,Crypto,High
148,Gambling,High
149,Travel,Medium
150,Electronics,Medium
151,Food,Low
152,Gambling,High
153,Travel,Medium
154,Travel,Medium
155,Crypto,High
156,Travel,Medium
157,Electronics,Medium
158,Retail,Low
159,Gambling,High
160,Food,Low
161,Electronics,Medium
162,Travel,Medium
163,Retail,Low
164,Retail,Low
165,Travel,Medium
166,Electronics,Medium
167,Food,Low
168,Travel,Medium
169,Gambling,High
170,Retail,Low
171,Crypto,High
172,Retail,Low
173,Travel,Medium
174,Food,Low
175,Travel,Medium
176,Crypto,High
177,Crypto,High
178,Retail,Low
179,Travel,Medium
180,Retail,Low
181,Electronics,Medium
182,Travel,Medium
183,Food,Low
184,Retail,Low
185,Food,Low
186,Travel,Medium
187,Travel,Medium
188,Gambling,High
189,Retail,Low
190,Travel,Medium
191,Crypto,High
192,Crypto,High
193,Gambling,High
194,Travel,Medium
195,Retail,Low
196,Food,Low
197,Retail,Low
198,Food,Low
199,Food,Low
200,Food,Low
201,Crypto,High
202,Electronics,Medium
203,Travel,Medium
204,Gambling,High
205,Gambling,High
206,Food,Low
207,Travel,Medium
208,Travel,Medium
209,Food,Low
210,Gambling,High
211,Gambling,High
212,Retail,Low
213,Gambling,High
214,Food,Low
215,Crypto,High
216,Gambling,High
217,Gambling,High
218,Crypto,High
219,Crypto,High
220,Travel,Medium
221,Food,Low
222,Food,Low
223,Gambling,High
224,Crypto,High
225,Retail,Low
226,Electronics,Medium
227,Crypto,High
228,Electronics,Medium
229,Gambling,High
230,Retail,Low
231,Food,Low
232,Retail,Low
233,Food,Low
234,Travel,Medium
235,Food,Low
236,Food,Low
237,Travel,Medium
238,Gambling,High
239,Crypto,High
240,Retail,Low
241,Gambling,High
242,Gambling,High
243,Food,Low
244,Crypto,High
245,Retail,Low
246,Food,Low
247,Food,Low
248,Retail,Low
249,Retail,Low
250,Travel,Medium
251,Retail,Low
252,Electronics,Medium
253,Food,Low
254,Crypto,High
255,Retail,Low
256,Crypto,High
257,Crypto,High
258,Electronics,Medium
259,Retail,Low
260,Crypto,High
261,Food,Low
262,Retail,Low
263,Electronics,Medium
264,Travel,Medium
265,Travel,Medium
266,Travel,Medium
267,Travel,Medium
268,Gambling,High
269,Crypto,High
270,Gambling,High
271,Retail,Low
272,Food,Low
273,Travel,Medium
274,Retail,Low
275,Electronics,Medium
276,Crypto,High
277,Electronics,Medium
278,Crypto,High
279,Electronics,Medium
280,Electronics,Medium
281,Food,Low
282,Crypto,High
283,Retail,Low
284,Electronics,Medium
285,Crypto,High
286,Crypto,High
287,Electronics,Medium
288,Retail,Low
289,Travel,Medium
290,Food,Low
291,Gambling,High
292,Travel,Medium
293,Electronics,Medium
294,Electronics,Medium
295,Food,Low
296,Crypto,High
297,Food,Low
298,Retail,Low
299,Food,Low
300,Food,Low
301,Retail,Low
302,Electronics,Medium
303,Retail,Low
304,Gambling,High
305,Food,Low
306,Retail,Low
307,Retail,Low
308,Food,Low
309,Crypto,High
310,Electronics,Medium
311,Retail,Low
312,Electronics,Medium
313,Retail,Low
314,Retail,Low
315,Retail,Low
316,Crypto,High
317,Retail,Low
318,Travel,Medium
319,Gambling,High
320,Food,Low
321,Food,Low
322,Retail,Low
323,Food,Low
324,Travel,Medium
325,Electronics,Medium
326,Crypto,High
327,Electronics,Medium
328,Crypto,High
329,Electronics,Medium
330,Electronics,Medium
331,Gambling,High
332,Gambling,High
333,Gambling,High
334,Electronics,Medium
335,Food,Low
336,Crypto,High
337,Gambling,High
338,Crypto,High
339,Crypto,High
340,Retail,Low
341,Travel,Medium
342,Electronics,Medium
343,Travel,Medium
344,Electronics,Medium
345,Crypto,High
346,Travel,Medium
347,Retail,Low
348,Travel,Medium
349,Food,Low
350,Travel,Medium
351,Retail,Low
352,Retail,Low
353,Gambling,High
354,Food,Low
355,Electronics,Medium
356,Crypto,High
357,Travel,Medium
358,Travel,Medium
359,Crypto,High
360,Retail,Low
361,Retail,Low
362,Travel,Medium
363,Travel,Medium
364,Crypto,High
365,Crypto,High
366,Food,Low
367,Electronics,Medium
368,Retail,Low
369,Gambling,High
370,Food,Low
371,Gambling,High
372,Food,Low
373,Crypto,High
374,Electronics,Medium
375,Travel,Medium
376,Crypto,High
377,Crypto,High
378,Food,Low
379,Crypto,High
380,Gambling,High
381,Crypto,High
382,Electronics,Medium
383,Gambling,High
384,Electronics,Medium
385,Food,Low
386,Gambling,High
387,Food,Low
388,Electronics,Medium
389,Retail,Low
390,Retail,Low
391,Gambling,High
392,Retail,Low
393,Travel,Medium
394,Food,Low
395,Electronics,Medium
396,Gambling,High
397,Food,Low
398,Retail,Low
399,Gambling,High
400,Travel,Medium
401,Gambling,High
402,Gambling,High
403,Food,Low
404,Crypto,High
405,Crypto,High
406,Crypto,High
407,Crypto,High
408,Electronics,Medium
409,Travel,Medium
410,Gambling,High
411,Food,Low
412,Travel,Medium
413,Gambling,High
414,Food,Low
415,Crypto,High
416,Electronics,Medium
417,Gambling,High
418,Gambling,High
419,Retail,Low
420,Electronics,Medium
421,Electronics,Medium
422,Electronics,Medium
423,Travel,Medium
424,Crypto,High
425,Retail,Low
426,Travel,Medium
427,Food,Low
428,Crypto,High
429,Gambling,High
430,Retail,Low
431,Travel,Medium
432,Retail,Low
433,Crypto,High
434,Food,Low
435,Food,Low
436,Travel,Medium
437,Food,Low
438,Travel,Medium
439,Retail,Low
440,Gambling,High
441,Gambling,High
442,Gambling,High
443,Crypto,High
444,Retail,Low
445,Food,Low
446,Crypto,High
447,Crypto,High
448,Food,Low
449,Gambling,High
450,Gambling,High
451,Gambling,High
452,Food,Low
453,Retail,Low
454,Retail,Low
455,Food,Low
456,Gambling,High
457,Crypto,High
458,Retail,Low
459,Travel,Medium
460,Crypto,High
461,Food,Low
462,Crypto,High
463,Electronics,Medium
464,Retail,Low
465,Travel,Medium
466,Retail,Low
467,Crypto,High
468,Food,Low
469,Retail,Low
470,Crypto,High
471,Travel,Medium
472,Crypto,High
473,Food,Low
474,Gambling,High
475,Food,Low
476,Crypto,High
477,Gambling,High
478,Travel,Medium
479,Travel,Medium
480,Crypto,High
481,Gambling,High
482,Crypto,High
483,Travel,Medium
484,Gambling,High
485,Electronics,Medium
486,Electronics,Medium
487,Travel,Medium
488,Food,Low
489,Gambling,High
490,Crypto,High
491,Food,Low
492,Food,Low
493,Travel,Medium
494,Travel,Medium
495,Retail,Low
496,Food,Low
497,Food,Low
498,Crypto,High
499,Crypto,High
500,Electronics,Medium
501,Retail,Low
502,Food,Low
503,Crypto,High
504,Food,Low
505,Crypto,High
506,Electronics,Medium
507,Retail,Low
508,Retail,Low
509,Gambling,High
510,Food,Low
511,Travel,Medium
512,Gambling,High
513,Retail,Low
514,Food,Low
515,Electronics,Medium
516,Gambling,High
517,Electronics,Medium
518,Retail,Low
519,Food,Low
520,Electronics,Medium
521,Gambling,High
522,Retail,Low
523,Retail,Low
524,Gambling,High
525,Food,Low
526,Travel,Medium
527,Gambling,High
528,Gambling,High
529,Food,Low
530,Crypto,High
531,Retail,Low
532,Crypto,High
533,Crypto,High
534,Crypto,High
535,Electronics,Medium
536,Gambling,High
537,Crypto,High
538,Electronics,Medium
539,Electronics,Medium
540,Retail,Low
541,Gambling,High
542,Food,Low
543,Travel,Medium
544,Gambling,High
545,Electronics,Medium
546,Gambling,High
547,Retail,Low
548,Gambling,High
549,Electronics,Medium
550,Electronics,Medium
551,Crypto,High
552,Electronics,Medium
553,Retail,Low
554,Electronics,Medium
555,Gambling,High
556,Food,Low
557,Food,Low
558,Food,Low
559,Travel,Medium
560,Electronics,Medium
561,Food,Low
562,Retail,Low
563,Retail,Low
564,Food,Low
565,Retail,Low
566,Food,Low
567,Retail,Low
568,Gambling,High
569,Crypto,High
570,Travel,Medium
571,Food,Low
572,Crypto,High
573,Crypto,High
574,Crypto,High
575,Gambling,High
576,Travel,Medium
577,Electronics,Medium
578,Electronics,Medium
579,Food,Low
580,Travel,Medium
581,Travel,Medium
582,Retail,Low
583,Crypto,High
584,Retail,Low
585,Gambling,High
586,Gambling,High
587,Travel,Medium
588,Gambling,High
589,Travel,Medium
590,Electronics,Medium
591,Crypto,High
592,Gambling,High
593,Retail,Low
594,Gambling,High
595,Food,Low
596,Crypto,High
597,Gambling,High
598,Travel,Medium
599,Gambling,High
600,Electronics,Medium
601,Electronics,Medium
602,Gambling,High
603,Retail,Low
604,Gambling,High
605,Travel,Medium
606,Travel,Medium
607,Travel,Medium
608,Retail,Low
609,Electronics,Medium
610,Travel,Medium
611,Travel,Medium
612,Gambling,High
613,Electronics,Medium
614,Travel,Medium
615,Travel,Medium
616,Gambling,High
617,Gambling,High
618,Crypto,High
619,Gambling,High
620,Gambling,High
621,Crypto,High
622,Travel,Medium
623,Food,Low
624,Gambling,High
625,Retail,Low
626,Crypto,High
627,Food,Low
628,Food,Low
629,Crypto,High
630,Food,Low
631,Travel,Medium
632,Food,Low
633,Food,Low
634,Gambling,High
635,Retail,Low
636,Travel,Medium
637,Gambling,High
638,Travel,Medium
639,Food,Low
640,Crypto,High
641,Crypto,High
642,Gambling,High
643,Travel,Medium
644,Food,Low
645,Gambling,High
646,Food,Low
647,Electronics,Medium
648,Gambling,High
649,Food,Low
650,Electronics,Medium
651,Crypto,High
652,Retail,Low
653,Crypto,High
654,Retail,Low
655,Travel,Medium
656,Retail,Low
657,Travel,Medium
658,Electronics,Medium
659,Travel,Medium
660,Gambling,High
661,Gambling,High
662,Food,Low
663,Gambling,High
664,Crypto,High
665,Food,Low
666,Gambling,High
667,Travel,Medium
668,Travel,Medium
669,Travel,Medium
670,Gambling,High
671,Food,Low
672,Electronics,Medium
673,Electronics,Medium
674,Crypto,High
675,Travel,Medium
676,Travel,Medium
677,Crypto,High
678,Travel,Medium
679,Retail,Low
680,Food,Low
681,Crypto,High
682,Travel,Medium
683,Crypto,High
684,Retail,Low
685,Retail,Low
686,Food,Low
687,Gambling,High
688,Travel,Medium
689,Food,Low
690,Retail,Low
691,Retail,Low
692,Food,Low
693,Retail,Low
694,Gambling,High
695,Travel,Medium
696,Crypto,High
697,Gambling,High
698,Travel,Medium
699,Retail,Low
700,Gambling,High
701,Electronics,Medium
702,Electronics,Medium
703,Retail,Low
704,Travel,Medium
705,Travel,Medium
706,Gambling,High
707,Electronics,Medium
708,Travel,Medium
709,Gambling,High
710,Gambling,High
711,Electronics,Medium
712,Retail,Low
713,Gambling,High
714,Retail,Low
715,Electronics,Medium
716,Gambling,High
717,Crypto,High
718,Electronics,Medium
719,Electronics,Medium
720,Crypto,High
721,Electronics,Medium
722,Crypto,High
723,Crypto,High
724,Electronics,Medium
725,Crypto,High
726,Crypto,High
727,Electronics,Medium
728,Crypto,High
729,Retail,Low
730,Electronics,Medium
731,Electronics,Medium
732,Retail,Low
733,Travel,Medium
734,Food,Low
735,Gambling,High
736,Crypto,High
737,Food,Low
738,Crypto,High
739,Food,Low
740,Gambling,High
741,Crypto,High
742,Food,Low
743,Crypto,High
744,Retail,Low
745,Retail,Low
746,Food,Low
747,Retail,Low
748,Retail,Low
749,Electronics,Medium
750,Crypto,High
751,Gambling,High
752,Crypto,High
753,Electronics,Medium
754,Electronics,Medium
755,Crypto,High
756,Food,Low
757,Crypto,High
758,Retail,Low
759,Electronics,Medium
760,Crypto,High
761,Gambling,High
762,Gambling,High
763,Retail,Low
764,Retail,Low
765,Crypto,High
766,Gambling,High
767,Food,Low
768,Electronics,Medium
769,Travel,Medium
770,Gambling,High
771,Electronics,Medium
772,Gambling,High
773,Crypto,High
774,Travel,Medium
775,Travel,Medium
776,Crypto,High
777,Crypto,High
778,Retail,Low
779,Electronics,Medium
780,Food,Low
781,Electronics,Medium
782,Retail,Low
783,Electronics,Medium
784,Travel,Medium
785,Gambling,High
786,Travel,Medium
787,Retail,Low
788,Electronics,Medium
789,Electronics,Medium
790,Gambling,High
791,Food,Low
792,Gambling,High
793,Gambling,High
794,Travel,Medium
795,Retail,Low
796,Retail,Low
797,Retail,Low
798,Travel,Medium
799,Crypto,High
800,Electronics,Medium
801,Travel,Medium
802,Retail,Low
803,Travel,Medium
804,Travel,Medium
805,Food,Low
806,Crypto,High
807,Food,Low
808,Gambling,High
809,Food,Low
810,Food,Low
811,Retail,Low
812,Travel,Medium
813,Gambling,High
814,Electronics,Medium
815,Electronics,Medium
816,Electronics,Medium
817,Travel,Medium
818,Travel,Medium
819,Crypto,High
820,Retail,Low
821,Gambling,High
822,Food,Low
823,Electronics,Medium
824,Gambling,High
825,Crypto,High
826,Electronics,Medium
827,Gambling,High
828,Retail,Low
829,Retail,Low
830,Crypto,High
831,Gambling,High
832,Crypto,High
833,Crypto,High
834,Crypto,High
835,Travel,Medium
836,Retail,Low
837,Travel,Medium
838,Food,Low
839,Travel,Medium
840,Retail,Low
841,Crypto,High
842,Gambling,High
843,Crypto,High
844,Crypto,High
845,Travel,Medium
846,Gambling,High
847,Retail,Low
848,Electronics,Medium
849,Retail,Low
850,Gambling,High
851,Retail,Low
852,Travel,Medium
853,Gambling,High
854,Electronics,Medium
855,Electronics,Medium
856,Gambling,High
857,Retail,Low
858,Electronics,Medium
859,Food,Low
860,Gambling,High
861,Gambling,High
862,Gambling,High
863,Crypto,High
864,Retail,Low
865,Gambling,High
866,Gambling,High
867,Crypto,High
868,Travel,Medium
869,Crypto,High
870,Gambling,High
871,Retail,Low
872,Crypto,High
873,Gambling,High
874,Food,Low
875,Retail,Low
876,Crypto,High
877,Electronics,Medium
878,Retail,Low
879,Food,Low
880,Gambling,High
881,Retail,Low
882,Retail,Low
883,Gambling,High
884,Electronics,Medium
885,Retail,Low
886,Gambling,High
887,Retail,Low
888,Travel,Medium
889,Electronics,Medium
890,Food,Low
891,Travel,Medium
892,Retail,Low
893,Electronics,Medium
894,Gambling,High
895,Travel,Medium
896,Electronics,Medium
897,Electronics,Medium
898,Retail,Low
899,Food,Low
900,Travel,Medium
901,Food,Low
902,Gambling,High
903,Crypto,High
904,Retail,Low
905,Food,Low
906,Electronics,Medium
907,Travel,Medium
908,Crypto,High
909,Food,Low
910,Electronics,Medium
911,Travel,Medium
912,Travel,Medium
913,Crypto,High
914,Electronics,Medium
915,Crypto,High
916,Gambling,High
917,Retail,Low
918,Retail,Low
919,Gambling,High
920,Electronics,Medium
921,Crypto,High
922,Retail,Low
923,Gambling,High
924,Travel,Medium
925,Food,Low
926,Food,Low
927,Retail,Low
928,Retail,Low
929,Gambling,High
930,Crypto,High
931,Retail,Low
932,Crypto,High
933,Food,Low
934,Gambling,High
935,Travel,Medium
936,Retail,Low
937,Food,Low
938,Crypto,High
939,Crypto,High
940,Food,Low
941,Food,Low
942,Electronics,Medium
943,Crypto,High
944,Food,Low
945,Food,Low
946,Food,Low
947,Crypto,High
948,Gambling,High
949,Crypto,High
950,Electronics,Medium
951,Travel,Medium
952,Electronics,Medium
953,Food,Low
954,Travel,Medium
955,Retail,Low
956,Travel,Medium
957,Travel,Medium
958,Food,Low
959,Food,Low
960,Electronics,Medium
961,Gambling,High
962,Gambling,High
963,Travel,Medium
964,Electronics,Medium
965,Gambling,High
966,Gambling,High
967,Electronics,Medium
968,Travel,Medium
969,Food,Low
970,Retail,Low
971,Electronics,Medium
972,Food,Low
973,Electronics,Medium
974,Electronics,Medium
975,Travel,Medium
976,Travel,Medium
977,Food,Low
978,Electronics,Medium
979,Gambling,High
980,Retail,Low
981,Food,Low
982,Crypto,High
983,Electronics,Medium
984,Electronics,Medium
985,Travel,Medium
986,Travel,Medium
987,Crypto,High
988,Food,Low
989,Travel,Medium
990,Travel,Medium
991,Food,Low
992,Gambling,High
993,Retail,Low
994,Gambling,High
995,Electronics,Medium
996,Gambling,High
997,Food,Low
998,Crypto,High
999,Gambling,High
1000,Travel,Medium
1001,Crypto,High
1002,Crypto,High
1003,Electronics,Medium
1004,Electronics,Medium
1005,Travel,Medium
1006,Retail,Low
1007,Crypto,High
1008,Travel,Medium
1009,Electronics,Medium
1010,Electronics,Medium
1011,Retail,Low
1012,Crypto,High
1013,Crypto,High
1014,Travel,Medium
1015,Retail,Low
1016,Gambling,High
1017,Travel,Medium
1018,Crypto,High
1019,Travel,Medium
1020,Travel,Medium
1021,Travel,Medium
1022,Travel,Medium
1023,Crypto,High
1024,Retail,Low
1025,Retail,Low
1026,Electronics,Medium
1027,Food,Low
1028,Electronics,Medium
1029,Gambling,High
1030,Retail,Low
1031,Travel,Medium
1032,Food,Low
1033,Electronics,Medium
1034,Travel,Medium
1035,Gambling,High
1036,Retail,Low
1037,Crypto,High
1038,Gambling,High
1039,Crypto,High
1040,Retail,Low
1041,Crypto,High
1042,Retail,Low
1043,Travel,Medium
1044,Gambling,High
1045,Travel,Medium
1046,Retail,Low
1047,Retail,Low
1048,Travel,Medium
1049,Food,Low
1050,Travel,Medium
1051,Travel,Medium
1052,Gambling,High
1053,Gambling,High
1054,Food,Low
1055,Retail,Low
1056,Electronics,Medium
1057,Travel,Medium
1058,Crypto,High
1059,Crypto,High
1060,Food,Low
1061,Crypto,High
1062,Food,Low
1063,Travel,Medium
1064,Electronics,Medium
1065,Food,Low
1066,Electronics,Medium
1067,Food,Low
1068,Food,Low
1069,Gambling,High
1070,Electronics,Medium
1071,Crypto,High
1072,Crypto,High
1073,Travel,Medium
1074,Gambling,High
1075,Food,Low
1076,Retail,Low
1077,Food,Low
1078,Gambling,High
1079,Retail,Low
1080,Food,Low
1081,Gambling,High
1082,Electronics,Medium
1083,Gambling,High
1084,Travel,Medium
1085,Retail,Low
1086,Electronics,Medium
1087,Electronics,Medium
1088,Gambling,High
1089,Electronics,Medium
1090,Crypto,High
1091,Crypto,High
1092,Crypto,High
1093,Gambling,High
1094,Retail,Low
1095,Gambling,High
1096,Travel,Medium
1097,Electronics,Medium
1098,Crypto,High
1099,Gambling,High
1100,Gambling,High
1101,Electronics,Medium
1102,Gambling,High
1103,Crypto,High
1104,Electronics,Medium
1105,Retail,Low
1106,Crypto,High
1107,Travel,Medium
1108,Travel,Medium
1109,Food,Low
1110,Food,Low
1111,Electronics,Medium
1112,Crypto,High
1113,Food,Low
1114,Crypto,High
1115,Crypto,High
1116,Travel,Medium
1117,Electronics,Medium
1118,Travel,Medium
1119,Food,Low
1120,Gambling,High
1121,Food,Low
1122,Retail,Low
1123,Travel,Medium
1124,Electronics,Medium
1125,Travel,Medium
1126,Gambling,High
1127,Gambling,High
1128,Gambling,High
1129,Gambling,High
1130,Retail,Low
1131,Crypto,High
1132,Food,Low
1133,Gambling,High
1134,Retail,Low
1135,Travel,Medium
1136,Gambling,High
1137,Travel,Medium
1138,Travel,Medium
1139,Electronics,Medium
1140,Retail,Low
1141,Retail,Low
1142,Gambling,High
1143,Gambling,High
1144,Gambling,High
1145,Retail,Low
1146,Travel,Medium
1147,Travel,Medium
1148,Gambling,High
1149,Travel,Medium
1150,Gambling,High
1151,Food,Low
1152,Crypto,High
1153,Travel,Medium
1154,Food,Low
1155,Retail,Low
1156,Food,Low
1157,Electronics,Medium
1158,Food,Low
1159,Food,Low
1160,Food,Low
1161,Retail,Low
1162,Retail,Low
1163,Electronics,Medium
1164,Gambling,High
1165,Travel,Medium
1166,Retail,Low
1167,Travel,Medium
1168,Electronics,Medium
1169,Food,Low
1170,Electronics,Medium
1171,Travel,Medium
1172,Travel,Medium
1173,Electronics,Medium
1174,Gambling,High
1175,Travel,Medium
1176,Crypto,High
1177,Food,Low
1178,Crypto,High
1179,Travel,Medium
1180,Retail,Low
1181,Electronics,Medium
1182,Gambling,High
1183,Crypto,High
1184,Crypto,High
1185,Retail,Low
1186,Travel,Medium
1187,Retail,Low
1188,Gambling,High
1189,Travel,Medium
1190,Crypto,High
1191,Crypto,High
1192,Electronics,Medium
1193,Gambling,High
1194,Crypto,High
1195,Retail,Low
1196,Crypto,High
1197,Retail,Low
1198,Retail,Low
1199,Food,Low
1200,Food,Low
1201,Food,Low
1202,Travel,Medium
1203,Travel,Medium
1204,Crypto,High
1205,Crypto,High
1206,Retail,Low
1207,Travel,Medium
1208,Crypto,High
1209,Travel,Medium
1210,Gambling,High
1211,Retail,Low
1212,Food,Low
1213,Travel,Medium
1214,Crypto,High
1215,Retail,Low
1216,Electronics,Medium
1217,Retail,Low
1218,Gambling,High
1219,Retail,Low
1220,Food,Low
1221,Food,Low
1222,Travel,Medium
1223,Travel,Medium
1224,Crypto,High
1225,Crypto,High
1226,Retail,Low
1227,Food,Low
1228,Retail,Low
1229,Food,Low
1230,Retail,Low
1231,Travel,Medium
1232,Travel,Medium
1233,Electronics,Medium
1234,Electronics,Medium
1235,Electronics,Medium
1236,Crypto,High
1237,Travel,Medium
1238,Retail,Low
1239,Retail,Low
1240,Electronics,Medium
1241,Crypto,High
1242,Crypto,High
1243,Electronics,Medium
1244,Retail,Low
1245,Crypto,High
1246,Food,Low
1247,Food,Low
1248,Gambling,High
1249,Food,Low
1250,Electronics,Medium
1251,Retail,Low
1252,Gambling,High
1253,Travel,Medium
1254,Retail,Low
1255,Gambling,High
1256,Travel,Medium
1257,Crypto,High
1258,Retail,Low
1259,Retail,Low
1260,Crypto,High
1261,Retail,Low
1262,Electronics,Medium
1263,Gambling,High
1264,Travel,Medium
1265,Travel,Medium
1266,Gambling,High
1267,Electronics,Medium
1268,Retail,Low
1269,Crypto,High
1270,Crypto,High
1271,Retail,Low
1272,Food,Low
1273,Travel,Medium
1274,Gambling,High
1275,Gambling,High
1276,Travel,Medium
1277,Gambling,High
1278,Travel,Medium
1279,Electronics,Medium
1280,Retail,Low
1281,Travel,Medium
1282,Electronics,Medium
1283,Travel,Medium
1284,Electronics,Medium
1285,Electronics,Medium
1286,Electronics,Medium
1287,Retail,Low
1288,Travel,Medium
1289,Food,Low
1290,Travel,Medium
1291,Travel,Medium
1292,Electronics,Medium
1293,Gambling,High
1294,Gambling,High
1295,Travel,Medium
1296,Gambling,High
1297,Food,Low
1298,Gambling,High
1299,Gambling,High
1300,Electronics,Medium
1301,Travel,Medium
1302,Food,Low
1303,Food,Low
1304,Travel,Medium
1305,Food,Low
1306,Crypto,High
1307,Crypto,High
1308,Gambling,High
1309,Travel,Medium
1310,Gambling,High
1311,Electronics,Medium
1312,Travel,Medium
1313,Food,Low
1314,Electronics,Medium
1315,Electronics,Medium
1316,Travel,Medium
1317,Gambling,High
1318,Crypto,High
1319,Gambling,High
1320,Crypto,High
1321,Retail,Low
1322,Crypto,High
1323,Travel,Medium
1324,Crypto,High
1325,Retail,Low
1326,Food,Low
1327,Food,Low
1328,Crypto,High
1329,Gambling,High
1330,Crypto,High
1331,Travel,Medium
1332,Travel,Medium
1333,Electronics,Medium
1334,Gambling,High
1335,Gambling,High
1336,Crypto,High
1337,Crypto,High
1338,Travel,Medium
1339,Electronics,Medium
1340,Retail,Low
1341,Crypto,High
1342,Gambling,High
1343,Food,Low
1344,Crypto,High
1345,Electronics,Medium
1346,Gambling,High
1347,Food,Low
1348,Food,Low
1349,Electronics,Medium
1350,Gambling,High
1351,Crypto,High
1352,Electronics,Medium
1353,Travel,Medium
1354,Gambling,High
1355,Electronics,Medium
1356,Electronics,Medium
1357,Retail,Low
1358,Retail,Low
1359,Food,Low
1360,Crypto,High
1361,Travel,Medium
1362,Travel,Medium
1363,Electronics,Medium
1364,Electronics,Medium
1365,Food,Low
1366,Electronics,Medium
1367,Gambling,High
1368,Crypto,High
1369,Crypto,High
1370,Retail,Low
1371,Food,Low
1372,Electronics,Medium
1373,Electronics,Medium
1374,Gambling,High
1375,Electronics,Medium
1376,Electronics,Medium
1377,Crypto,High
1378,Electronics,Medium
1379,Food,Low
1380,Gambling,High
1381,Gambling,High
1382,Travel,Medium
1383,Travel,Medium
1384,Retail,Low
1385,Gambling,High
1386,Food,Low
1387,Gambling,High
1388,Food,Low
1389,Food,Low
1390,Crypto,High
1391,Travel,Medium
1392,Food,Low
1393,Retail,Low
1394,Crypto,High
1395,Food,Low
1396,Crypto,High
1397,Travel,Medium
1398,Crypto,High
1399,Travel,Medium
1400,Gambling,High
1401,Gambling,High
1402,Travel,Medium
1403,Food,Low
1404,Electronics,Medium
1405,Electronics,Medium
1406,Retail,Low
1407,Electronics,Medium
1408,Retail,Low
1409,Travel,Medium
1410,Food,Low
1411,Travel,Medium
1412,Travel,Medium
1413,Retail,Low
1414,Crypto,High
1415,Retail,Low
1416,Food,Low
1417,Food,Low
1418,Crypto,High
1419,Gambling,High
1420,Gambling,High
1421,Crypto,High
1422,Food,Low
1423,Crypto,High
1424,Electronics,Medium
1425,Crypto,High
1426,Crypto,High
1427,Travel,Medium
1428,Retail,Low
1429,Crypto,High
1430,Travel,Medium
1431,Crypto,High
1432,Electronics,Medium
1433,Crypto,High
1434,Crypto,High
1435,Travel,Medium
1436,Crypto,High
1437,Travel,Medium
1438,Retail,Low
1439,Travel,Medium
1440,Food,Low
1441,Retail,Low
1442,Food,Low
1443,Crypto,High
1444,Retail,Low
1445,Gambling,High
1446,Food,Low
1447,Gambling,High
1448,Travel,Medium
1449,Electronics,Medium
1450,Crypto,High
1451,Food,Low
1452,Gambling,High
1453,Electronics,Medium
1454,Travel,Medium
1455,Retail,Low
1456,Crypto,High
1457,Food,Low
1458,Retail,Low
1459,Crypto,High
1460,Gambling,High
1461,Electronics,Medium
1462,Travel,Medium
1463,Crypto,High
1464,Gambling,High
1465,Food,Low
1466,Travel,Medium
1467,Crypto,High
1468,Gambling,High
1469,Travel,Medium
1470,Retail,Low
1471,Electronics,Medium
1472,Electronics,Medium
1473,Food,Low
1474,Food,Low
1475,Retail,Low
1476,Electronics,Medium
1477,Electronics,Medium
1478,Crypto,High
1479,Gambling,High
1480,Retail,Low
1481,Food,Low
1482,Gambling,High
1483,Electronics,Medium
1484,Gambling,High
1485,Travel,Medium
1486,Retail,Low
1487,Retail,Low
1488,Retail,Low
1489,Crypto,High
1490,Gambling,High
1491,Gambling,High
1492,Food,Low
1493,Crypto,High
1494,Retail,Low
1495,Crypto,High
1496,Crypto,High
1497,Electronics,Medium
1498,Retail,Low
1499,Food,Low
1500,Travel,Medium
1501,Food,Low
1502,Electronics,Medium
1503,Retail,Low
1504,Retail,Low
1505,Retail,Low
1506,Gambling,High
1507,Retail,Low
1508,Retail,Low
1509,Travel,Medium
1510,Retail,Low
1511,Crypto,High
1512,Retail,Low
1513,Retail,Low
1514,Food,Low
1515,Retail,Low
1516,Gambling,High
1517,Electronics,Medium
1518,Gambling,High
1519,Travel,Medium
1520,Food,Low
1521,Food,Low
1522,Travel,Medium
1523,Crypto,High
1524,Crypto,High
1525,Travel,Medium
1526,Electronics,Medium
1527,Food,Low
1528,Electronics,Medium
1529,Travel,Medium
1530,Retail,Low
1531,Gambling,High
1532,Gambling,High
1533,Retail,Low
1534,Electronics,Medium
1535,Gambling,High
1536,Gambling,High
1537,Crypto,High
1538,Electronics,Medium
1539,Travel,Medium
1540,Travel,Medium
1541,Retail,Low
1542,Gambling,High
1543,Travel,Medium
1544,Retail,Low
1545,Crypto,High
1546,Electronics,Medium
1547,Gambling,High
1548,Gambling,High
1549,Retail,Low
1550,Gambling,High
1551,Electronics,Medium
1552,Travel,Medium
1553,Retail,Low
1554,Electronics,Medium
1555,Gambling,High
1556,Travel,Medium
1557,Electronics,Medium
1558,Travel,Medium
1559,Travel,Medium
1560,Retail,Low
1561,Gambling,High
1562,Crypto,High
1563,Crypto,High
1564,Crypto,High
1565,Electronics,Medium
1566,Crypto,High
1567,Food,Low
1568,Food,Low
1569,Gambling,High
1570,Crypto,High
1571,Travel,Medium
1572,Food,Low
1573,Travel,Medium
1574,Travel,Medium
1575,Crypto,High
1576,Gambling,High
1577,Gambling,High
1578,Crypto,High
1579,Gambling,High
1580,Food,Low
1581,Crypto,High
1582,Gambling,High
1583,Retail,Low
1584,Retail,Low
1585,Gambling,High
1586,Travel,Medium
1587,Food,Low
1588,Retail,Low
1589,Food,Low
1590,Electronics,Medium
1591,Food,Low
1592,Crypto,High
1593,Electronics,Medium
1594,Gambling,High
1595,Gambling,High
1596,Travel,Medium
1597,Retail,Low
1598,Food,Low
1599,Retail,Low
1600,Food,Low
1601,Electronics,Medium
1602,Retail,Low
1603,Gambling,High
1604,Travel,Medium
1605,Crypto,High
1606,Electronics,Medium
1607,Food,Low
1608,Electronics,Medium
1609,Crypto,High
1610,Gambling,High
1611,Electronics,Medium
1612,Retail,Low
1613,Retail,Low
1614,Retail,Low
1615,Travel,Medium
1616,Crypto,High
1617,Gambling,High
1618,Retail,Low
1619,Retail,Low
1620,Travel,Medium
1621,Retail,Low
1622,Food,Low
1623,Travel,Medium
1624,Food,Low
1625,Crypto,High
1626,Electronics,Medium
1627,Retail,Low
1628,Retail,Low
1629,Crypto,High
1630,Electronics,Medium
1631,Travel,Medium
1632,Electronics,Medium
1633,Retail,Low
1634,Crypto,High
1635,Food,Low
1636,Gambling,High
1637,Crypto,High
1638,Travel,Medium
1639,Travel,Medium
1640,Retail,Low
1641,Crypto,High
1642,Gambling,High
1643,Crypto,High
1644,Travel,Medium
1645,Crypto,High
1646,Retail,Low
1647,Travel,Medium
1648,Crypto,High
1649,Crypto,High
1650,Retail,Low
1651,Retail,Low
1652,Crypto,High
1653,Gambling,High
1654,Travel,Medium
1655,Crypto,High
1656,Retail,Low
1657,Travel,Medium
1658,Retail,Low
1659,Travel,Medium
1660,Crypto,High
1661,Food,Low
1662,Food,Low
1663,Electronics,Medium
1664,Food,Low
1665,Electronics,Medium
1666,Travel,Medium
1667,Retail,Low
1668,Retail,Low
1669,Retail,Low
1670,Crypto,High
1671,Travel,Medium
1672,Crypto,High
1673,Electronics,Medium
1674,Electronics,Medium
1675,Retail,Low
1676,Retail,Low
1677,Travel,Medium
1678,Electronics,Medium
1679,Travel,Medium
1680,Electronics,Medium
1681,Gambling,High
1682,Travel,Medium
1683,Gambling,High
1684,Crypto,High
1685,Electronics,Medium
1686,Gambling,High
1687,Crypto,High
1688,Travel,Medium
1689,Gambling,High
1690,Gambling,High
1691,Crypto,High
1692,Gambling,High
1693,Crypto,High
1694,Food,Low
1695,Electronics,Medium
1696,Electronics,Medium
1697,Electronics,Medium
1698,Gambling,High
1699,Gambling,High
1700,Retail,Low
1701,Retail,Low
1702,Crypto,High
1703,Gambling,High
1704,Crypto,High
1705,Travel,Medium
1706,Gambling,High
1707,Food,Low
1708,Travel,Medium
1709,Gambling,High
1710,Electronics,Medium
1711,Crypto,High
1712,Food,Low
1713,Retail,Low
1714,Electronics,Medium
1715,Food,Low
1716,Retail,Low
1717,Gambling,High
1718,Travel,Medium
1719,Travel,Medium
1720,Food,Low
1721,Electronics,Medium
1722,Retail,Low
1723,Food,Low
1724,Crypto,High
1725,Crypto,High
1726,Crypto,High
1727,Retail,Low
1728,Travel,Medium
1729,Travel,Medium
1730,Electronics,Medium
1731,Retail,Low
1732,Gambling,High
1733,Gambling,High
1734,Crypto,High
1735,Food,Low
1736,Food,Low
1737,Food,Low
1738,Travel,Medium
1739,Travel,Medium
1740,Retail,Low
1741,Retail,Low
1742,Electronics,Medium
1743,Retail,Low
1744,Electronics,Medium
1745,Crypto,High
1746,Crypto,High
1747,Travel,Medium
1748,Travel,Medium
1749,Travel,Medium
1750,Gambling,High
1751,Electronics,Medium
1752,Food,Low
1753,Food,Low
1754,Crypto,High
1755,Electronics,Medium
1756,Gambling,High
1757,Gambling,High
1758,Crypto,High
1759,Crypto,High
1760,Travel,Medium
1761,Gambling,High
1762,Travel,Medium
1763,Crypto,High
1764,Food,Low
1765,Gambling,High
1766,Gambling,High
1767,Retail,Low
1768,Gambling,High
1769,Travel,Medium
1770,Retail,Low
1771,Gambling,High
1772,Retail,Low
1773,Gambling,High
1774,Electronics,Medium
1775,Food,Low
1776,Travel,Medium
1777,Travel,Medium
1778,Retail,Low
1779,Electronics,Medium
1780,Retail,Low
1781,Retail,Low
1782,Crypto,High
1783,Retail,Low
1784,Gambling,High
1785,Crypto,High
1786,Crypto,High
1787,Retail,Low
1788,Crypto,High
1789,Travel,Medium
1790,Food,Low
1791,Crypto,High
1792,Crypto,High
1793,Gambling,High
1794,Travel,Medium
1795,Crypto,High
1796,Gambling,High
1797,Travel,Medium
1798,Crypto,High
1799,Retail,Low
1800,Crypto,High
1801,Food,Low
1802,Travel,Medium
1803,Food,Low
1804,Crypto,High
1805,Food,Low
1806,Travel,Medium
1807,Retail,Low
1808,Crypto,High
1809,Travel,Medium
1810,Food,Low
1811,Gambling,High
1812,Food,Low
1813,Crypto,High
1814,Food,Low
1815,Food,Low
1816,Food,Low
1817,Retail,Low
1818,Gambling,High
1819,Food,Low
1820,Crypto,High
1821,Travel,Medium
1822,Electronics,Medium
1823,Food,Low
1824,Gambling,High
1825,Travel,Medium
1826,Gambling,High
1827,Crypto,High
1828,Retail,Low
1829,Food,Low
1830,Retail,Low
1831,Food,Low
1832,Food,Low
1833,Gambling,High
1834,Electronics,Medium
1835,Crypto,High
1836,Travel,Medium
1837,Crypto,High
1838,Electronics,Medium
1839,Travel,Medium
1840,Electronics,Medium
1841,Crypto,High
1842,Crypto,High
1843,Gambling,High
1844,Food,Low
1845,Electronics,Medium
1846,Retail,Low
1847,Electronics,Medium
1848,Electronics,Medium
1849,Travel,Medium
1850,Food,Low
1851,Travel,Medium
1852,Gambling,High
1853,Retail,Low
1854,Crypto,High
1855,Retail,Low
1856,Retail,Low
1857,Retail,Low
1858,Gambling,High
1859,Gambling,High
1860,Retail,Low
1861,Crypto,High
1862,Crypto,High
1863,Crypto,High
1864,Gambling,High
1865,Travel,Medium
1866,Crypto,High
1867,Travel,Medium
1868,Retail,Low
1869,Crypto,High
1870,Retail,Low
1871,Retail,Low
1872,Food,Low
1873,Electronics,Medium
1874,Retail,Low
1875,Retail,Low
1876,Food,Low
1877,Gambling,High
1878,Retail,Low
1879,Crypto,High
1880,Gambling,High
1881,Electronics,Medium
1882,Electronics,Medium
1883,Retail,Low
1884,Travel,Medium
1885,Electronics,Medium
1886,Electronics,Medium
1887,Food,Low
1888,Electronics,Medium
1889,Crypto,High
1890,Travel,Medium
1891,Retail,Low
1892,Food,Low
1893,Food,Low
1894,Food,Low
1895,Retail,Low
1896,Gambling,High
1897,Crypto,High
1898,Food,Low
1899,Travel,Medium
1900,Gambling,High
1901,Travel,Medium
1902,Electronics,Medium
1903,Travel,Medium
1904,Food,Low
1905,Gambling,High
1906,Crypto,High
1907,Food,Low
1908,Crypto,High
1909,Electronics,Medium
1910,Retail,Low
1911,Gambling,High
1912,Retail,Low
1913,Electronics,Medium
1914,Travel,Medium
1915,Travel,Medium
1916,Electronics,Medium
1917,Crypto,High
1918,Gambling,High
1919,Electronics,Medium
1920,Electronics,Medium
1921,Gambling,High
1922,Food,Low
1923,Crypto,High
1924,Crypto,High
1925,Gambling,High
1926,Retail,Low
1927,Food,Low
1928,Travel,Medium
1929,Gambling,High
1930,Crypto,High
1931,Food,Low
1932,Retail,Low
1933,Electronics,Medium
1934,Electronics,Medium
1935,Electronics,Medium
1936,Travel,Medium
1937,Food,Low
1938,Crypto,High
1939,Retail,Low
1940,Crypto,High
1941,Food,Low
1942,Travel,Medium
1943,Travel,Medium
1944,Food,Low
1945,Gambling,High
1946,Food,Low
1947,Crypto,High
1948,Electronics,Medium
1949,Gambling,High
1950,Crypto,High
1951,Gambling,High
1952,Gambling,High
1953,Food,Low
1954,Retail,Low
1955,Gambling,High
1956,Food,Low
1957,Travel,Medium
1958,Electronics,Medium
1959,Retail,Low
1960,Gambling,High
1961,Retail,Low
1962,Food,Low
1963,Electronics,Medium
1964,Electronics,Medium
1965,Retail,Low
1966,Crypto,High
1967,Electronics,Medium
1968,Travel,Medium
1969,Travel,Medium
1970,Gambling,High
1971,Crypto,High
1972,Crypto,High
1973,Food,Low
1974,Gambling,High
1975,Electronics,Medium
1976,Retail,Low
1977,Crypto,High
1978,Crypto,High
1979,Food,Low
1980,Electronics,Medium
1981,Food,Low
1982,Retail,Low
1983,Travel,Medium
1984,Crypto,High
1985,Food,Low
1986,Electronics,Medium
1987,Food,Low
1988,Crypto,High
1989,Travel,Medium
1990,Gambling,High
1991,Food,Low
1992,Electronics,Medium
1993,Retail,Low
1994,Gambling,High
1995,Food,Low
1996,Retail,Low
1997,Travel,Medium
1998,Retail,Low
1999,Crypto,High
2000,Travel,Medium
